[
  {
    "value": "food",
    "synonyms": [
      "food"
    ]
  },
  {
    "value": "subscriptions",
    "synonyms": [
      "subscriptions",
      "netflix",
      "amazon",
      "hulu"
    ]
  },
  {
    "value": "rent",
    "synonyms": [
      "rent",
      "living cost"
    ]
  },
  {
    "value": "gas",
    "synonyms": [
      "gas",
      "gasoline",
      "fuel"
    ]
  },
  {
    "value": "misc",
    "synonyms": [
      "misc",
      "etc",
      "anything else"
    ]
  },
  {
    "value": "total",
    "synonyms": [
      "total"
    ]
  }
]