[
  {
    "id": "8ce27415-c45c-49ea-b918-4a3b6e924bb4",
    "data": [
      {
        "text": "can i afford a ",
        "userDefined": false
      },
      {
        "text": "pizza",
        "alias": "item",
        "meta": "@Item",
        "userDefined": false
      },
      {
        "text": ", it will cost me ",
        "userDefined": false
      },
      {
        "text": "10",
        "alias": "number",
        "meta": "@sys.number",
        "userDefined": false
      },
      {
        "text": " dollars it is ",
        "userDefined": false
      },
      {
        "text": "food",
        "alias": "categories",
        "meta": "@categories",
        "userDefined": false
      }
    ],
    "isTemplate": false,
    "count": 0,
    "updated": 1550373830
  },
  {
    "id": "56d6c1f8-1df9-4407-b042-e84a830952e9",
    "data": [
      {
        "text": "Can I afford rent ",
        "userDefined": false
      },
      {
        "text": "this month",
        "meta": "@sys.ignore",
        "userDefined": false
      }
    ],
    "isTemplate": false,
    "count": 0,
    "updated": 1550359105
  },
  {
    "id": "987cd480-9314-442c-b3b5-b98ae7daedff",
    "data": [
      {
        "text": "Can I afford a banana iit will cost me ",
        "userDefined": false
      },
      {
        "text": "5",
        "alias": "number",
        "meta": "@sys.number",
        "userDefined": false
      },
      {
        "text": " dollars",
        "userDefined": false
      }
    ],
    "isTemplate": false,
    "count": 0,
    "updated": 1550373830
  },
  {
    "id": "e15831ec-3b2b-44aa-8375-c555fd113790",
    "data": [
      {
        "text": "Can I afford a plate it will cost me ",
        "userDefined": false
      },
      {
        "text": "5",
        "alias": "number",
        "meta": "@sys.number",
        "userDefined": true
      },
      {
        "text": " dollars",
        "userDefined": false
      }
    ],
    "isTemplate": false,
    "count": 0,
    "updated": 1550373830
  },
  {
    "id": "391a9f76-a9a7-4d42-b10c-c73d3771b089",
    "data": [
      {
        "text": "Can I afford my ",
        "userDefined": false
      },
      {
        "text": "internet",
        "alias": "item",
        "meta": "@Item",
        "userDefined": false
      },
      {
        "text": " it will cost me ",
        "userDefined": false
      },
      {
        "text": "60",
        "alias": "number",
        "meta": "@sys.number",
        "userDefined": false
      },
      {
        "text": " dollars",
        "userDefined": false
      }
    ],
    "isTemplate": false,
    "count": 0,
    "updated": 1550373830
  },
  {
    "id": "b0fe057d-5a0d-4b14-949e-d1d791b13de1",
    "data": [
      {
        "text": "Can I afford a ",
        "userDefined": false
      },
      {
        "text": "pizza",
        "alias": "item",
        "meta": "@Item",
        "userDefined": false
      },
      {
        "text": ", it will cost me ",
        "userDefined": false
      },
      {
        "text": "10",
        "alias": "number",
        "meta": "@sys.number",
        "userDefined": true
      },
      {
        "text": " dollars",
        "userDefined": false
      }
    ],
    "isTemplate": false,
    "count": 0,
    "updated": 1550373405
  }
]