[
  {
    "id": "d90b302b-d6a1-4679-90e2-cb7311b04153",
    "data": [
      {
        "text": "what is my total remaining ",
        "userDefined": false
      },
      {
        "text": "balance",
        "alias": "type",
        "meta": "@type",
        "userDefined": false
      }
    ],
    "isTemplate": false,
    "count": 0,
    "updated": 1550353583
  },
  {
    "id": "8ed5485b-702e-4dc9-943e-6cbbb748abd9",
    "data": [
      {
        "text": "What is my remaining ",
        "userDefined": false
      },
      {
        "text": "balance",
        "alias": "type",
        "meta": "@type",
        "userDefined": false
      },
      {
        "text": " for ",
        "userDefined": false
      },
      {
        "text": "food",
        "alias": "categories",
        "meta": "@categories",
        "userDefined": false
      },
      {
        "text": "?",
        "userDefined": false
      }
    ],
    "isTemplate": false,
    "count": 0,
    "updated": 1550353552
  }
]