[
  {
    "id": "a04aa411-67a1-4cd8-95fa-eb2d7307c65c",
    "data": [
      {
        "text": "make a capital one account",
        "userDefined": false
      }
    ],
    "isTemplate": false,
    "count": 0,
    "updated": 1550382164
  },
  {
    "id": "361b2565-b0a9-4b59-bf79-371f662e1a77",
    "data": [
      {
        "text": "set up capital ",
        "userDefined": false
      },
      {
        "text": "one",
        "meta": "@sys.ignore",
        "userDefined": false
      },
      {
        "text": " account",
        "userDefined": false
      }
    ],
    "isTemplate": false,
    "count": 0,
    "updated": 1550382292
  },
  {
    "id": "ce457e96-80a9-4671-9bdc-523bf5ab7331",
    "data": [
      {
        "text": "create capital one account",
        "userDefined": false
      }
    ],
    "isTemplate": false,
    "count": 0,
    "updated": 1550382164
  },
  {
    "id": "d3e60dd0-2b0d-45e5-984e-680508d3792c",
    "data": [
      {
        "text": "I\u0027d like to create a capital one account?",
        "userDefined": false
      }
    ],
    "isTemplate": false,
    "count": 0,
    "updated": 1550382164
  }
]