[
  {
    "id": "83ec790f-4fd7-4218-a6fd-33a7907d28f6",
    "data": [
      {
        "text": "how much money did i spend on ",
        "userDefined": false
      },
      {
        "text": "gas",
        "alias": "categories",
        "meta": "@categories",
        "userDefined": false
      },
      {
        "text": " ",
        "userDefined": false
      },
      {
        "text": "this week",
        "alias": "date-period",
        "meta": "@sys.date-period",
        "userDefined": false
      }
    ],
    "isTemplate": false,
    "count": 0,
    "updated": 1550365073
  },
  {
    "id": "3842fa03-a9e5-4ea8-bcec-3562e2e87523",
    "data": [
      {
        "text": "how much money did i spend on ",
        "userDefined": false
      },
      {
        "text": "subscriptions",
        "alias": "categories",
        "meta": "@categories",
        "userDefined": false
      },
      {
        "text": " ",
        "userDefined": false
      },
      {
        "text": "this month",
        "alias": "date-period",
        "meta": "@sys.date-period",
        "userDefined": false
      }
    ],
    "isTemplate": false,
    "count": 0,
    "updated": 1550365073
  },
  {
    "id": "6c548c3d-039a-4bf1-bbcd-190255d7784a",
    "data": [
      {
        "text": "How much money did i spend on ",
        "userDefined": false
      },
      {
        "text": "food",
        "alias": "Item",
        "meta": "@Item",
        "userDefined": false
      },
      {
        "text": " ",
        "userDefined": false
      },
      {
        "text": "this month",
        "alias": "date-period",
        "meta": "@sys.date-period",
        "userDefined": false
      }
    ],
    "isTemplate": false,
    "count": 0,
    "updated": 1550365073
  }
]