[
  {
    "id": "9aced6c3-03ce-4be2-9746-96f71fa1311f",
    "data": [
      {
        "text": "Do i have any bills ",
        "userDefined": false
      },
      {
        "text": "this month",
        "alias": "date-period",
        "meta": "@sys.date-period",
        "userDefined": false
      }
    ],
    "isTemplate": false,
    "count": 0,
    "updated": 1550372840
  },
  {
    "id": "b3d0c20a-f319-40ce-8fc0-61967357f2a6",
    "data": [
      {
        "text": "Do I have any upcoming ",
        "userDefined": false
      },
      {
        "text": "subscription",
        "alias": "categories",
        "meta": "@categories",
        "userDefined": false
      },
      {
        "text": " payments",
        "userDefined": false
      }
    ],
    "isTemplate": false,
    "count": 0,
    "updated": 1550353619
  }
]