[
  {
    "id": "ac9aa7bd-b22d-4221-b08a-31332fc7447f",
    "data": [
      {
        "text": "help",
        "userDefined": false
      }
    ],
    "isTemplate": false,
    "count": 0,
    "updated": 1550354237
  },
  {
    "id": "fc14005d-ea33-4f66-a88a-4c8824cbf900",
    "data": [
      {
        "text": "What are you capable of?",
        "userDefined": false
      }
    ],
    "isTemplate": false,
    "count": 0,
    "updated": 1550354237
  },
  {
    "id": "22c14042-30cb-4089-ae81-05a9dd6cc089",
    "data": [
      {
        "text": "What can you do?",
        "userDefined": false
      }
    ],
    "isTemplate": false,
    "count": 0,
    "updated": 1550354237
  }
]