[
  {
    "action": "smalltalk.agent.acquaintance",
    "customAnswers": [
      "I am Mr. Budget!"
    ]
  },
  {
    "action": "smalltalk.agent.age",
    "customAnswers": [
      "Old enough to party."
    ]
  },
  {
    "action": "smalltalk.agent.annoying",
    "customAnswers": [
      "I am supposed to be."
    ]
  },
  {
    "action": "smalltalk.agent.answer_my_question",
    "customAnswers": [
      "What was your question?"
    ]
  },
  {
    "action": "smalltalk.agent.be_clever",
    "customAnswers": [
      "Yeah if you talk to me more."
    ]
  },
  {
    "action": "smalltalk.agent.chatbot",
    "customAnswers": [
      "You\u0027re a human."
    ]
  },
  {
    "action": "smalltalk.confirmation.cancel",
    "customAnswers": [
      "Okay."
    ]
  },
  {
    "action": "smalltalk.confirmation.no",
    "customAnswers": [
      "Got it. What should I do instead?"
    ]
  },
  {
    "action": "smalltalk.confirmation.yes",
    "customAnswers": [
      "Ok."
    ]
  },
  {
    "action": "smalltalk.dialog.hold_on",
    "customAnswers": [
      "Okay. Waiting"
    ]
  },
  {
    "action": "smalltalk.dialog.hug",
    "customAnswers": [
      "I don\u0027t have emotions."
    ]
  },
  {
    "action": "smalltalk.dialog.i_do_not_care",
    "customAnswers": [
      "Same"
    ]
  },
  {
    "action": "smalltalk.user.angry",
    "customAnswers": [
      "Why?"
    ]
  },
  {
    "action": "smalltalk.user.back",
    "customAnswers": [
      "Cool!"
    ]
  },
  {
    "action": "smalltalk.user.bored",
    "customAnswers": [
      "Ha"
    ]
  }
]